ahfloyd,1/10/2019
ahfloyd,1/11/2019
ahfloyd,1/18/2019
ahfloyd,1/18/2019
ahfloyd,1/21/2019
ahfloyd,1/23/2019
ahfloyd,1/23/2019
ahfloyd,1/24/2019
ahfloyd,1/28/2019
ahfloyd,1/29/2019
ahfloyd,1/29/2019
ahfloyd,1/30/2019
ahfloyd,1/31/2019
ahfloyd,2/11/2019
ahfloyd,2/12/2019
ahfloyd,2/14/2019
ahfloyd,2/19/2019
ahfloyd,2/21/2019
ahfloyd,2/25/2019
ahfloyd,2/26/2019
ahfloyd,2/28/2019
ahfloyd,2/28/2019
ahfloyd,3/7/2019
ahfloyd,3/12/2019
ahfloyd,3/17/2019
ahfloyd,3/18/2019
ahfloyd,3/19/2019
ahfloyd,3/20/2019
ahfloyd,4/3/2019
ahfloyd,4/4/2019
