akwakefield,1/10/2019
akwakefield,1/24/2019
akwakefield,1/28/2019
akwakefield,1/29/2019
akwakefield,1/30/2019
akwakefield,1/30/2019
akwakefield,1/31/2019
akwakefield,2/1/2019
akwakefield,2/4/2019
akwakefield,2/6/2019
akwakefield,2/7/2019
akwakefield,2/10/2019
akwakefield,2/12/2019
akwakefield,2/13/2019
akwakefield,2/14/2019
akwakefield,2/18/2019
akwakefield,2/19/2019
akwakefield,2/20/2019
akwakefield,2/21/2019
akwakefield,2/21/2019
akwakefield,2/23/2019
akwakefield,2/24/2019
akwakefield,2/25/2019
akwakefield,2/26/2019
akwakefield,2/27/2019
akwakefield,2/28/2019
akwakefield,3/3/2019
akwakefield,3/4/2019
akwakefield,3/5/2019
akwakefield,3/5/2019
akwakefield,3/6/2019
akwakefield,3/7/2019
akwakefield,3/11/2019
akwakefield,3/12/2019
akwakefield,3/12/2019
akwakefield,3/13/2019
akwakefield,3/14/2019
akwakefield,3/18/2019
akwakefield,3/18/2019
akwakefield,3/19/2019
akwakefield,3/19/2019
akwakefield,3/19/2019
akwakefield,3/20/2019
akwakefield,3/21/2019
akwakefield,3/24/2019
akwakefield,3/25/2019
akwakefield,3/26/2019
akwakefield,3/27/2019
