amwalls,1/9/2019
amwalls,1/10/2019
amwalls,1/11/2019
amwalls,1/13/2019
amwalls,1/14/2019
amwalls,1/14/2019
amwalls,1/16/2019
amwalls,1/17/2019
amwalls,1/18/2019
amwalls,1/21/2019
amwalls,1/21/2019
amwalls,1/23/2019
amwalls,1/23/2019
amwalls,1/24/2019
amwalls,1/24/2019
amwalls,1/25/2019
amwalls,1/28/2019
amwalls,1/30/2019
amwalls,2/3/2019
amwalls,2/7/2019
amwalls,2/12/2019
amwalls,2/13/2019
amwalls,2/13/2019
amwalls,2/15/2019
amwalls,2/18/2019
amwalls,2/18/2019
amwalls,2/20/2019
amwalls,2/21/2019
amwalls,2/22/2019
amwalls,2/22/2019
amwalls,2/24/2019
