avlittle,1/8/2019
avlittle,1/9/2019
avlittle,1/10/2019
avlittle,1/11/2019
avlittle,1/11/2019
avlittle,1/13/2019
avlittle,1/14/2019
avlittle,1/15/2019
avlittle,1/16/2019
avlittle,1/18/2019
avlittle,1/18/2019
avlittle,1/20/2019
avlittle,1/22/2019
avlittle,1/22/2019
avlittle,1/23/2019
avlittle,1/23/2019
avlittle,1/24/2019
avlittle,1/25/2019
avlittle,1/25/2019
avlittle,1/26/2019
avlittle,1/27/2019
avlittle,1/27/2019
avlittle,1/28/2019
avlittle,1/29/2019
avlittle,1/30/2019
avlittle,1/30/2019
avlittle,1/31/2019
avlittle,2/1/2019
avlittle,2/3/2019
avlittle,2/5/2019
avlittle,2/6/2019
avlittle,2/6/2019
avlittle,2/7/2019
avlittle,2/8/2019
avlittle,2/12/2019
avlittle,2/15/2019
avlittle,2/15/2019
avlittle,2/16/2019
avlittle,2/19/2019
avlittle,2/19/2019
avlittle,2/20/2019
avlittle,2/20/2019
avlittle,2/21/2019
avlittle,2/22/2019
avlittle,2/22/2019
avlittle,2/23/2019
avlittle,2/26/2019
avlittle,2/27/2019
avlittle,2/27/2019
avlittle,3/1/2019
avlittle,3/1/2019
avlittle,3/4/2019
avlittle,3/4/2019
avlittle,3/5/2019
avlittle,3/5/2019
avlittle,3/5/2019
avlittle,3/6/2019
avlittle,3/8/2019
avlittle,3/10/2019
avlittle,3/12/2019
avlittle,3/13/2019
avlittle,3/13/2019
avlittle,3/13/2019
avlittle,3/13/2019
avlittle,3/14/2019
avlittle,3/14/2019
avlittle,3/14/2019
avlittle,3/15/2019
avlittle,3/18/2019
avlittle,3/19/2019
avlittle,3/20/2019
avlittle,3/22/2019
avlittle,3/22/2019
avlittle,3/22/2019
avlittle,3/22/2019
avlittle,3/25/2019
avlittle,3/27/2019
avlittle,3/28/2019
avlittle,3/28/2019
avlittle,3/29/2019
avlittle,3/29/2019
avlittle,3/31/2019
avlittle,4/2/2019
avlittle,4/3/2019
avlittle,4/4/2019
avlittle,4/5/2019
avlittle,4/5/2019
avlittle,4/6/2019
avlittle,4/6/2019
avlittle,4/7/2019
avlittle,4/7/2019
avlittle,4/8/2019
avlittle,4/9/2019
avlittle,4/9/2019
avlittle,4/9/2019
