crrey,1/28/2019
crrey,2/6/2019
crrey,2/7/2019
crrey,2/8/2019
crrey,2/11/2019
crrey,2/15/2019
crrey,2/20/2019
crrey,2/22/2019
crrey,2/23/2019
crrey,2/23/2019
crrey,2/24/2019
crrey,2/25/2019
crrey,2/25/2019
crrey,2/28/2019
crrey,3/1/2019
crrey,3/3/2019
crrey,3/3/2019
crrey,3/4/2019
crrey,3/5/2019
crrey,3/5/2019
crrey,3/6/2019
crrey,3/6/2019
crrey,3/7/2019
crrey,3/10/2019
crrey,3/12/2019
crrey,3/12/2019
crrey,3/12/2019
crrey,3/13/2019
crrey,3/15/2019
crrey,3/15/2019
crrey,3/15/2019
crrey,3/17/2019
crrey,3/18/2019
crrey,3/19/2019
crrey,3/20/2019
crrey,3/20/2019
crrey,3/20/2019
crrey,3/20/2019
crrey,3/21/2019
crrey,3/21/2019
crrey,3/21/2019
crrey,3/23/2019
crrey,3/24/2019
crrey,3/26/2019
crrey,3/26/2019
crrey,3/26/2019
crrey,3/28/2019
crrey,3/28/2019
crrey,3/28/2019
crrey,3/31/2019
