cywu,1/10/2019
cywu,1/10/2019
cywu,1/10/2019
cywu,1/10/2019
cywu,1/14/2019
cywu,1/15/2019
cywu,1/15/2019
cywu,1/17/2019
cywu,1/22/2019
cywu,1/23/2019
cywu,1/24/2019
cywu,1/25/2019
cywu,1/25/2019
cywu,1/25/2019
cywu,1/26/2019
cywu,1/26/2019
cywu,1/28/2019
cywu,1/28/2019
cywu,1/28/2019
cywu,1/28/2019
cywu,1/29/2019
cywu,1/29/2019
cywu,1/30/2019
cywu,1/30/2019
cywu,1/30/2019
cywu,2/3/2019
cywu,2/3/2019
cywu,2/3/2019
cywu,2/4/2019
cywu,2/4/2019
cywu,2/5/2019
cywu,2/5/2019
cywu,2/6/2019
cywu,2/6/2019
cywu,2/6/2019
cywu,2/7/2019
cywu,2/8/2019
cywu,2/11/2019
cywu,2/11/2019
cywu,2/13/2019
cywu,2/14/2019
cywu,2/14/2019
cywu,2/15/2019
cywu,2/25/2019
cywu,2/25/2019
cywu,2/26/2019
cywu,2/26/2019
cywu,2/27/2019
cywu,2/27/2019
cywu,2/28/2019
cywu,2/28/2019
cywu,2/28/2019
cywu,3/1/2019
cywu,3/4/2019
cywu,3/5/2019
cywu,3/5/2019
cywu,3/6/2019
cywu,3/6/2019
cywu,3/7/2019
cywu,3/7/2019
cywu,3/7/2019
cywu,3/11/2019
cywu,3/11/2019
cywu,3/12/2019
cywu,3/12/2019
cywu,3/13/2019
cywu,3/13/2019
cywu,3/13/2019
cywu,3/13/2019
cywu,3/14/2019
cywu,3/14/2019
cywu,3/14/2019
cywu,3/15/2019
cywu,3/15/2019
cywu,3/16/2019
cywu,3/17/2019
cywu,3/18/2019
cywu,3/19/2019
cywu,3/19/2019
cywu,3/19/2019
cywu,3/20/2019
cywu,3/20/2019
cywu,3/20/2019
cywu,3/21/2019
cywu,3/21/2019
cywu,3/21/2019
cywu,3/21/2019
cywu,3/22/2019
