dahall,1/10/2019
dahall,1/11/2019
dahall,1/13/2019
dahall,1/14/2019
dahall,1/15/2019
dahall,1/16/2019
dahall,1/17/2019
dahall,1/17/2019
dahall,1/18/2019
dahall,1/19/2019
dahall,1/21/2019
dahall,1/22/2019
dahall,1/23/2019
dahall,1/24/2019
dahall,1/25/2019
dahall,1/26/2019
dahall,1/28/2019
dahall,1/28/2019
dahall,1/29/2019
dahall,1/29/2019
dahall,1/29/2019
dahall,1/30/2019
dahall,1/30/2019
dahall,1/31/2019
dahall,2/1/2019
dahall,2/1/2019
dahall,2/1/2019
dahall,2/1/2019
dahall,2/1/2019
dahall,2/3/2019
dahall,2/3/2019
dahall,2/4/2019
dahall,2/5/2019
dahall,2/5/2019
dahall,2/6/2019
dahall,2/6/2019
dahall,2/7/2019
dahall,2/7/2019
dahall,2/7/2019
dahall,2/7/2019
dahall,2/7/2019
dahall,2/7/2019
dahall,2/8/2019
dahall,2/8/2019
dahall,2/8/2019
dahall,2/9/2019
dahall,2/9/2019
dahall,2/9/2019
dahall,2/11/2019
dahall,2/12/2019
dahall,2/13/2019
dahall,2/14/2019
dahall,2/14/2019
dahall,2/19/2019
dahall,2/20/2019
dahall,2/21/2019
dahall,2/22/2019
dahall,2/25/2019
