eprieger,1/21/2019
eprieger,1/22/2019
eprieger,1/23/2019
eprieger,1/29/2019
eprieger,1/30/2019
eprieger,2/4/2019
eprieger,2/6/2019
eprieger,2/6/2019
eprieger,2/19/2019
eprieger,2/27/2019
eprieger,2/27/2019
eprieger,3/4/2019
eprieger,3/4/2019
eprieger,3/5/2019
eprieger,3/6/2019
eprieger,3/7/2019
eprieger,3/18/2019
eprieger,3/18/2019
eprieger,3/18/2019
eprieger,3/19/2019
eprieger,3/19/2019
eprieger,3/20/2019
eprieger,3/20/2019
eprieger,3/25/2019
eprieger,3/26/2019
eprieger,3/27/2019
eprieger,4/1/2019
eprieger,4/2/2019
eprieger,4/3/2019
eprieger,4/8/2019
eprieger,4/9/2019
eprieger,4/9/2019
