ergaylord,1/15/2019
ergaylord,1/25/2019
ergaylord,1/28/2019
ergaylord,1/29/2019
ergaylord,1/31/2019
ergaylord,2/1/2019
ergaylord,2/4/2019
ergaylord,2/8/2019
ergaylord,2/18/2019
ergaylord,2/19/2019
ergaylord,2/21/2019
ergaylord,2/22/2019
ergaylord,2/25/2019
ergaylord,2/26/2019
ergaylord,2/28/2019
ergaylord,3/4/2019
ergaylord,3/5/2019
ergaylord,3/7/2019
ergaylord,3/8/2019
ergaylord,3/11/2019
ergaylord,3/12/2019
ergaylord,3/14/2019
ergaylord,3/15/2019
ergaylord,3/18/2019
ergaylord,3/19/2019
ergaylord,3/19/2019
ergaylord,3/19/2019
ergaylord,3/20/2019
ergaylord,3/21/2019
ergaylord,3/22/2019
ergaylord,3/25/2019
ergaylord,3/26/2019
ergaylord,3/28/2019
ergaylord,3/29/2019
ergaylord,4/1/2019
ergaylord,4/2/2019
ergaylord,4/4/2019
ergaylord,4/8/2019
ergaylord,4/9/2019
