gjanderson,1/6/2019
gjanderson,1/7/2019
gjanderson,1/7/2019
gjanderson,1/8/2019
gjanderson,1/8/2019
gjanderson,1/9/2019
gjanderson,1/9/2019
gjanderson,1/9/2019
gjanderson,1/10/2019
gjanderson,1/10/2019
gjanderson,1/10/2019
gjanderson,1/11/2019
gjanderson,1/12/2019
gjanderson,1/13/2019
gjanderson,1/14/2019
gjanderson,1/14/2019
gjanderson,1/15/2019
gjanderson,1/16/2019
gjanderson,1/16/2019
gjanderson,1/17/2019
gjanderson,1/17/2019
gjanderson,1/17/2019
gjanderson,1/17/2019
gjanderson,1/17/2019
gjanderson,1/17/2019
gjanderson,1/18/2019
gjanderson,1/19/2019
gjanderson,1/19/2019
gjanderson,1/19/2019
gjanderson,1/20/2019
gjanderson,1/20/2019
gjanderson,1/21/2019
gjanderson,1/21/2019
gjanderson,1/21/2019
gjanderson,1/21/2019
gjanderson,1/22/2019
gjanderson,1/22/2019
gjanderson,1/23/2019
gjanderson,1/23/2019
gjanderson,1/24/2019
gjanderson,1/24/2019
gjanderson,1/25/2019
gjanderson,1/26/2019
gjanderson,1/26/2019
gjanderson,1/26/2019
gjanderson,1/27/2019
gjanderson,1/27/2019
gjanderson,1/27/2019
gjanderson,1/27/2019
gjanderson,1/27/2019
gjanderson,1/28/2019
gjanderson,1/28/2019
gjanderson,1/29/2019
gjanderson,1/29/2019
gjanderson,1/30/2019
gjanderson,1/30/2019
gjanderson,1/31/2019
gjanderson,1/31/2019
gjanderson,1/31/2019
gjanderson,1/31/2019
gjanderson,2/1/2019
gjanderson,2/2/2019
gjanderson,2/3/2019
gjanderson,2/3/2019
gjanderson,2/3/2019
gjanderson,2/4/2019
gjanderson,2/4/2019
gjanderson,2/5/2019
gjanderson,2/5/2019
gjanderson,2/6/2019
gjanderson,2/6/2019
gjanderson,2/6/2019
gjanderson,2/7/2019
gjanderson,2/7/2019
gjanderson,2/8/2019
gjanderson,2/8/2019
gjanderson,2/9/2019
gjanderson,2/9/2019
gjanderson,2/9/2019
gjanderson,2/10/2019
gjanderson,2/10/2019
gjanderson,2/11/2019
gjanderson,2/11/2019
gjanderson,2/12/2019
gjanderson,2/12/2019
gjanderson,2/12/2019
gjanderson,2/13/2019
gjanderson,2/13/2019
gjanderson,2/14/2019
gjanderson,2/14/2019
gjanderson,2/15/2019
gjanderson,2/15/2019
gjanderson,2/16/2019
gjanderson,2/16/2019
gjanderson,2/16/2019
gjanderson,2/16/2019
gjanderson,2/16/2019
gjanderson,2/17/2019
gjanderson,2/17/2019
gjanderson,2/17/2019
gjanderson,2/17/2019
gjanderson,2/17/2019
gjanderson,2/17/2019
gjanderson,2/17/2019
gjanderson,2/18/2019
gjanderson,2/19/2019
gjanderson,2/19/2019
gjanderson,2/19/2019
gjanderson,2/20/2019
gjanderson,2/20/2019
gjanderson,2/21/2019
gjanderson,2/22/2019
gjanderson,2/22/2019
gjanderson,2/22/2019
gjanderson,2/22/2019
gjanderson,2/23/2019
gjanderson,2/24/2019
gjanderson,2/24/2019
gjanderson,2/25/2019
gjanderson,2/25/2019
gjanderson,2/26/2019
gjanderson,2/26/2019
gjanderson,2/26/2019
gjanderson,2/26/2019
gjanderson,2/27/2019
gjanderson,2/27/2019
gjanderson,2/28/2019
gjanderson,2/28/2019
gjanderson,3/1/2019
gjanderson,3/1/2019
gjanderson,3/1/2019
gjanderson,3/2/2019
gjanderson,3/3/2019
gjanderson,3/4/2019
