jcgamson,1/15/2019
jcgamson,1/21/2019
jcgamson,1/23/2019
jcgamson,1/24/2019
jcgamson,1/28/2019
jcgamson,1/28/2019
jcgamson,1/31/2019
jcgamson,2/1/2019
jcgamson,2/5/2019
jcgamson,2/8/2019
jcgamson,2/10/2019
jcgamson,2/11/2019
jcgamson,2/11/2019
jcgamson,2/12/2019
jcgamson,2/12/2019
jcgamson,2/12/2019
jcgamson,2/13/2019
jcgamson,2/14/2019
jcgamson,2/18/2019
jcgamson,2/19/2019
jcgamson,2/19/2019
jcgamson,2/20/2019
jcgamson,2/20/2019
jcgamson,2/21/2019
jcgamson,2/21/2019
jcgamson,2/22/2019
jcgamson,2/22/2019
jcgamson,2/25/2019
jcgamson,2/25/2019
jcgamson,2/26/2019
jcgamson,2/27/2019
jcgamson,2/28/2019
jcgamson,2/28/2019
jcgamson,3/1/2019
jcgamson,3/2/2019
jcgamson,3/4/2019
