jghansom,1/18/2019
jghansom,1/22/2019
jghansom,1/23/2019
jghansom,1/24/2019
jghansom,1/25/2019
jghansom,1/28/2019
jghansom,1/29/2019
jghansom,1/30/2019
jghansom,1/30/2019
jghansom,1/31/2019
jghansom,2/4/2019
jghansom,2/4/2019
jghansom,2/5/2019
jghansom,2/5/2019
jghansom,2/6/2019
jghansom,2/6/2019
jghansom,2/7/2019
jghansom,2/8/2019
jghansom,2/11/2019
jghansom,2/12/2019
jghansom,2/13/2019
jghansom,2/15/2019
jghansom,2/16/2019
jghansom,2/16/2019
jghansom,2/18/2019
jghansom,2/19/2019
jghansom,2/20/2019
jghansom,2/21/2019
jghansom,2/22/2019
jghansom,2/25/2019
jghansom,2/26/2019
jghansom,2/27/2019
jghansom,2/28/2019
jghansom,3/1/2019
jghansom,3/2/2019
jghansom,3/5/2019
jghansom,3/6/2019
jghansom,3/7/2019
jghansom,3/8/2019
jghansom,3/11/2019
jghansom,3/12/2019
jghansom,3/13/2019
jghansom,3/13/2019
jghansom,3/14/2019
jghansom,3/14/2019
jghansom,3/15/2019
jghansom,3/16/2019
jghansom,3/16/2019
jghansom,3/17/2019
jghansom,3/18/2019
jghansom,3/19/2019
jghansom,3/20/2019
jghansom,3/31/2019
jghansom,4/1/2019
jghansom,4/2/2019
jghansom,4/3/2019
jghansom,4/5/2019
jghansom,4/9/2019
jghansom,4/9/2019
