jkploudre,1/6/2019
jkploudre,1/6/2019
jkploudre,1/8/2019
jkploudre,1/8/2019
jkploudre,1/9/2019
jkploudre,1/10/2019
jkploudre,1/11/2019
jkploudre,1/15/2019
jkploudre,1/16/2019
jkploudre,1/17/2019
jkploudre,1/17/2019
jkploudre,1/17/2019
jkploudre,1/17/2019
jkploudre,1/18/2019
jkploudre,1/20/2019
jkploudre,1/20/2019
jkploudre,1/22/2019
jkploudre,1/23/2019
jkploudre,1/23/2019
jkploudre,1/24/2019
jkploudre,1/24/2019
jkploudre,1/25/2019
jkploudre,1/27/2019
jkploudre,1/27/2019
jkploudre,1/29/2019
jkploudre,1/29/2019
jkploudre,1/30/2019
jkploudre,1/30/2019
jkploudre,1/31/2019
jkploudre,1/31/2019
jkploudre,1/31/2019
jkploudre,2/1/2019
jkploudre,2/1/2019
jkploudre,2/1/2019
jkploudre,2/1/2019
jkploudre,2/3/2019
jkploudre,2/5/2019
jkploudre,2/5/2019
jkploudre,2/6/2019
jkploudre,2/7/2019
jkploudre,2/7/2019
jkploudre,2/7/2019
jkploudre,2/7/2019
jkploudre,2/8/2019
jkploudre,2/10/2019
jkploudre,2/10/2019
jkploudre,2/12/2019
jkploudre,2/14/2019
jkploudre,2/15/2019
jkploudre,2/15/2019
jkploudre,2/15/2019
jkploudre,2/17/2019
jkploudre,2/19/2019
jkploudre,2/20/2019
jkploudre,2/21/2019
jkploudre,2/22/2019
jkploudre,2/22/2019
jkploudre,2/24/2019
