jmwelty,1/22/2019
jmwelty,1/22/2019
jmwelty,1/22/2019
jmwelty,1/22/2019
jmwelty,1/23/2019
jmwelty,1/25/2019
jmwelty,1/27/2019
jmwelty,1/27/2019
jmwelty,1/27/2019
jmwelty,1/28/2019
jmwelty,1/28/2019
jmwelty,1/28/2019
jmwelty,1/28/2019
jmwelty,1/29/2019
jmwelty,1/31/2019
jmwelty,2/1/2019
jmwelty,2/3/2019
jmwelty,2/3/2019
jmwelty,2/4/2019
jmwelty,2/4/2019
jmwelty,2/5/2019
jmwelty,2/5/2019
jmwelty,2/8/2019
jmwelty,2/9/2019
jmwelty,2/12/2019
jmwelty,2/14/2019
jmwelty,2/15/2019
jmwelty,2/17/2019
jmwelty,2/18/2019
jmwelty,2/18/2019
jmwelty,2/18/2019
jmwelty,2/28/2019
jmwelty,2/28/2019
jmwelty,3/1/2019
jmwelty,3/3/2019
jmwelty,3/4/2019
