jrhiemstra,2/15/2019
jrhiemstra,3/11/2019
jrhiemstra,3/11/2019
jrhiemstra,3/12/2019
jrhiemstra,3/12/2019
jrhiemstra,3/13/2019
jrhiemstra,3/15/2019
jrhiemstra,3/16/2019
jrhiemstra,3/18/2019
jrhiemstra,3/19/2019
jrhiemstra,3/20/2019
jrhiemstra,3/22/2019
jrhiemstra,3/24/2019
jrhiemstra,3/25/2019
jrhiemstra,3/25/2019
jrhiemstra,3/26/2019
jrhiemstra,3/27/2019
jrhiemstra,3/29/2019
jrhiemstra,4/1/2019
jrhiemstra,4/2/2019
jrhiemstra,4/3/2019
jrhiemstra,4/8/2019
jrhiemstra,4/9/2019
