jtshort,1/23/2019
jtshort,1/24/2019
jtshort,1/24/2019
jtshort,1/25/2019
jtshort,1/29/2019
jtshort,1/30/2019
jtshort,1/31/2019
jtshort,2/1/2019
jtshort,2/1/2019
jtshort,2/2/2019
jtshort,2/3/2019
jtshort,2/5/2019
jtshort,2/6/2019
jtshort,2/7/2019
jtshort,2/8/2019
jtshort,2/13/2019
jtshort,2/14/2019
jtshort,2/15/2019
jtshort,2/19/2019
jtshort,2/20/2019
jtshort,2/21/2019
jtshort,2/22/2019
jtshort,2/26/2019
jtshort,2/27/2019
jtshort,2/28/2019
jtshort,3/1/2019
jtshort,3/5/2019
jtshort,3/5/2019
jtshort,3/6/2019
jtshort,3/7/2019
jtshort,3/8/2019
jtshort,3/9/2019
jtshort,3/12/2019
jtshort,3/13/2019
jtshort,3/14/2019
jtshort,3/15/2019
jtshort,3/19/2019
jtshort,3/20/2019
jtshort,3/21/2019
jtshort,3/22/2019
jtshort,3/26/2019
jtshort,3/26/2019
jtshort,3/26/2019
jtshort,3/27/2019
