jwraduege,1/7/2019
jwraduege,1/8/2019
jwraduege,1/8/2019
jwraduege,1/9/2019
jwraduege,1/10/2019
jwraduege,1/11/2019
jwraduege,1/14/2019
jwraduege,1/16/2019
jwraduege,1/17/2019
jwraduege,1/18/2019
jwraduege,1/21/2019
jwraduege,1/23/2019
jwraduege,1/23/2019
jwraduege,1/24/2019
jwraduege,1/25/2019
jwraduege,1/28/2019
jwraduege,1/29/2019
jwraduege,1/30/2019
jwraduege,1/31/2019
jwraduege,2/1/2019
jwraduege,2/4/2019
jwraduege,2/6/2019
jwraduege,2/7/2019
jwraduege,2/8/2019
jwraduege,2/11/2019
jwraduege,2/13/2019
jwraduege,2/14/2019
jwraduege,2/15/2019
jwraduege,2/18/2019
jwraduege,2/20/2019
jwraduege,2/21/2019
jwraduege,2/22/2019
jwraduege,2/25/2019
jwraduege,2/27/2019
jwraduege,2/28/2019
jwraduege,3/1/2019
jwraduege,3/4/2019
jwraduege,3/6/2019
jwraduege,3/7/2019
jwraduege,3/8/2019
jwraduege,3/10/2019
jwraduege,3/11/2019
