ljembree,3/11/2019
ljembree,3/11/2019
ljembree,3/11/2019
ljembree,3/11/2019
ljembree,3/12/2019
ljembree,3/13/2019
ljembree,3/15/2019
ljembree,3/18/2019
ljembree,3/19/2019
ljembree,3/19/2019
ljembree,3/20/2019
ljembree,3/20/2019
ljembree,3/20/2019
ljembree,3/21/2019
ljembree,3/22/2019
ljembree,3/24/2019
ljembree,3/25/2019
ljembree,3/25/2019
ljembree,3/25/2019
ljembree,3/26/2019
ljembree,3/26/2019
ljembree,3/26/2019
ljembree,3/27/2019
ljembree,3/27/2019
ljembree,3/28/2019
ljembree,3/31/2019
ljembree,4/1/2019
ljembree,4/1/2019
ljembree,4/1/2019
ljembree,4/1/2019
ljembree,4/1/2019
ljembree,4/2/2019
ljembree,4/2/2019
ljembree,4/3/2019
ljembree,4/3/2019
ljembree,4/3/2019
ljembree,4/3/2019
ljembree,4/3/2019
ljembree,4/3/2019
ljembree,4/3/2019
ljembree,4/4/2019
ljembree,4/5/2019
ljembree,4/6/2019
ljembree,4/7/2019
ljembree,4/8/2019
ljembree,4/8/2019
ljembree,4/8/2019
ljembree,4/9/2019
