ljhartwell,1/8/2019
ljhartwell,1/8/2019
ljhartwell,1/8/2019
ljhartwell,1/8/2019
ljhartwell,1/24/2019
ljhartwell,1/24/2019
ljhartwell,1/24/2019
ljhartwell,1/24/2019
ljhartwell,1/24/2019
ljhartwell,1/24/2019
ljhartwell,1/24/2019
ljhartwell,1/25/2019
ljhartwell,1/30/2019
ljhartwell,1/30/2019
ljhartwell,1/30/2019
ljhartwell,2/5/2019
ljhartwell,3/11/2019
ljhartwell,3/11/2019
ljhartwell,3/11/2019
ljhartwell,3/12/2019
ljhartwell,3/13/2019
ljhartwell,3/13/2019
ljhartwell,3/14/2019
ljhartwell,3/14/2019
ljhartwell,3/14/2019
ljhartwell,3/14/2019
ljhartwell,3/14/2019
ljhartwell,3/14/2019
ljhartwell,3/15/2019
ljhartwell,3/15/2019
ljhartwell,3/15/2019
ljhartwell,3/15/2019
ljhartwell,3/15/2019
ljhartwell,3/15/2019
ljhartwell,3/18/2019
ljhartwell,3/19/2019
ljhartwell,3/20/2019
ljhartwell,3/21/2019
ljhartwell,3/22/2019
ljhartwell,3/24/2019
ljhartwell,3/25/2019
ljhartwell,3/25/2019
ljhartwell,3/26/2019
ljhartwell,3/26/2019
ljhartwell,3/26/2019
ljhartwell,3/27/2019
