llsauve,1/7/2019
llsauve,1/8/2019
llsauve,1/8/2019
llsauve,1/9/2019
llsauve,1/10/2019
llsauve,1/11/2019
llsauve,1/12/2019
llsauve,1/12/2019
llsauve,1/13/2019
llsauve,1/14/2019
llsauve,1/14/2019
llsauve,1/15/2019
llsauve,1/16/2019
llsauve,1/17/2019
llsauve,1/18/2019
llsauve,1/19/2019
llsauve,1/20/2019
llsauve,1/21/2019
llsauve,1/21/2019
llsauve,1/22/2019
llsauve,1/23/2019
llsauve,1/23/2019
llsauve,1/24/2019
llsauve,1/25/2019
llsauve,1/26/2019
llsauve,1/26/2019
llsauve,1/27/2019
llsauve,1/27/2019
llsauve,1/28/2019
llsauve,1/29/2019
llsauve,1/30/2019
llsauve,1/31/2019
llsauve,2/1/2019
llsauve,2/2/2019
llsauve,2/2/2019
llsauve,2/3/2019
llsauve,2/3/2019
llsauve,2/4/2019
llsauve,2/4/2019
llsauve,2/5/2019
llsauve,2/6/2019
llsauve,2/7/2019
llsauve,2/7/2019
llsauve,2/7/2019
llsauve,2/10/2019
llsauve,2/10/2019
llsauve,2/10/2019
llsauve,2/11/2019
llsauve,2/13/2019
llsauve,2/15/2019
llsauve,2/16/2019
llsauve,2/17/2019
llsauve,2/17/2019
llsauve,2/17/2019
llsauve,2/18/2019
llsauve,2/19/2019
llsauve,2/20/2019
llsauve,2/20/2019
llsauve,2/21/2019
llsauve,2/21/2019
llsauve,2/22/2019
llsauve,2/23/2019
llsauve,2/24/2019
llsauve,2/26/2019
llsauve,2/27/2019
llsauve,2/28/2019
llsauve,3/1/2019
llsauve,3/1/2019
llsauve,3/4/2019
llsauve,3/5/2019
llsauve,3/6/2019
llsauve,3/7/2019
llsauve,3/7/2019
llsauve,3/8/2019
llsauve,3/9/2019
llsauve,3/10/2019
llsauve,3/11/2019
llsauve,3/12/2019
llsauve,3/12/2019
llsauve,3/13/2019
llsauve,3/13/2019
llsauve,3/14/2019
llsauve,3/14/2019
llsauve,3/15/2019
llsauve,3/17/2019
llsauve,3/18/2019
llsauve,3/19/2019
llsauve,3/20/2019
llsauve,3/21/2019
llsauve,3/22/2019
llsauve,3/23/2019
llsauve,3/23/2019
llsauve,3/24/2019
llsauve,3/24/2019
llsauve,3/25/2019
llsauve,3/26/2019
llsauve,3/26/2019
