lmvanhofwegen,1/8/2019
lmvanhofwegen,1/10/2019
lmvanhofwegen,1/10/2019
lmvanhofwegen,1/14/2019
lmvanhofwegen,1/14/2019
lmvanhofwegen,1/15/2019
lmvanhofwegen,1/17/2019
lmvanhofwegen,1/21/2019
lmvanhofwegen,1/22/2019
lmvanhofwegen,1/22/2019
lmvanhofwegen,1/24/2019
lmvanhofwegen,1/24/2019
lmvanhofwegen,1/28/2019
lmvanhofwegen,1/28/2019
lmvanhofwegen,1/29/2019
lmvanhofwegen,1/31/2019
lmvanhofwegen,2/4/2019
lmvanhofwegen,2/5/2019
lmvanhofwegen,2/7/2019
lmvanhofwegen,2/7/2019
lmvanhofwegen,2/7/2019
lmvanhofwegen,2/9/2019
lmvanhofwegen,2/11/2019
lmvanhofwegen,2/11/2019
lmvanhofwegen,2/12/2019
lmvanhofwegen,2/13/2019
lmvanhofwegen,2/24/2019
lmvanhofwegen,2/25/2019
lmvanhofwegen,2/25/2019
lmvanhofwegen,2/25/2019
lmvanhofwegen,2/26/2019
lmvanhofwegen,2/28/2019
lmvanhofwegen,3/1/2019
lmvanhofwegen,3/3/2019
lmvanhofwegen,3/4/2019
lmvanhofwegen,3/5/2019
lmvanhofwegen,3/6/2019
lmvanhofwegen,3/10/2019
lmvanhofwegen,3/11/2019
lmvanhofwegen,3/11/2019
lmvanhofwegen,3/12/2019
lmvanhofwegen,3/14/2019
lmvanhofwegen,3/18/2019
lmvanhofwegen,3/18/2019
lmvanhofwegen,3/19/2019
lmvanhofwegen,3/21/2019
lmvanhofwegen,3/21/2019
lmvanhofwegen,3/25/2019
lmvanhofwegen,3/25/2019
lmvanhofwegen,3/26/2019
lmvanhofwegen,3/28/2019
lmvanhofwegen,4/1/2019
lmvanhofwegen,4/1/2019
lmvanhofwegen,4/2/2019
lmvanhofwegen,4/2/2019
lmvanhofwegen,4/2/2019
lmvanhofwegen,4/2/2019
lmvanhofwegen,4/2/2019
lmvanhofwegen,4/2/2019
lmvanhofwegen,4/2/2019
lmvanhofwegen,4/2/2019
lmvanhofwegen,4/3/2019
lmvanhofwegen,4/3/2019
lmvanhofwegen,4/4/2019
lmvanhofwegen,4/4/2019
lmvanhofwegen,4/8/2019
lmvanhofwegen,4/8/2019
lmvanhofwegen,4/8/2019
lmvanhofwegen,4/9/2019
