mmlelonek,1/11/2019
mmlelonek,1/11/2019
mmlelonek,1/11/2019
mmlelonek,1/11/2019
mmlelonek,1/25/2019
mmlelonek,1/28/2019
mmlelonek,1/29/2019
mmlelonek,1/30/2019
mmlelonek,2/1/2019
mmlelonek,2/4/2019
mmlelonek,2/5/2019
mmlelonek,2/5/2019
mmlelonek,2/6/2019
mmlelonek,2/7/2019
mmlelonek,2/8/2019
mmlelonek,2/18/2019
mmlelonek,2/19/2019
mmlelonek,2/20/2019
mmlelonek,2/20/2019
mmlelonek,2/21/2019
mmlelonek,2/22/2019
mmlelonek,2/24/2019
mmlelonek,2/25/2019
mmlelonek,2/26/2019
mmlelonek,2/27/2019
mmlelonek,2/28/2019
mmlelonek,3/1/2019
mmlelonek,3/3/2019
mmlelonek,3/4/2019
mmlelonek,3/5/2019
mmlelonek,3/6/2019
mmlelonek,3/8/2019
mmlelonek,3/10/2019
mmlelonek,3/11/2019
mmlelonek,3/12/2019
mmlelonek,3/13/2019
mmlelonek,3/13/2019
mmlelonek,3/14/2019
mmlelonek,3/14/2019
mmlelonek,3/15/2019
mmlelonek,3/15/2019
mmlelonek,3/15/2019
mmlelonek,3/18/2019
mmlelonek,3/19/2019
mmlelonek,3/20/2019
mmlelonek,3/21/2019
mmlelonek,3/22/2019
mmlelonek,3/25/2019
mmlelonek,3/26/2019
mmlelonek,3/27/2019
mmlelonek,3/28/2019
mmlelonek,3/29/2019
mmlelonek,3/31/2019
mmlelonek,4/2/2019
mmlelonek,4/3/2019
mmlelonek,4/3/2019
mmlelonek,4/4/2019
mmlelonek,4/5/2019
mmlelonek,4/5/2019
mmlelonek,4/7/2019
mmlelonek,4/8/2019
mmlelonek,4/9/2019
