rjanderson,1/8/2019
rjanderson,1/8/2019
rjanderson,1/15/2019
rjanderson,1/22/2019
rjanderson,1/22/2019
rjanderson,1/23/2019
rjanderson,1/24/2019
rjanderson,1/24/2019
rjanderson,1/26/2019
rjanderson,1/29/2019
rjanderson,1/29/2019
rjanderson,1/30/2019
rjanderson,2/1/2019
rjanderson,2/4/2019
rjanderson,2/5/2019
rjanderson,2/5/2019
rjanderson,2/6/2019
rjanderson,2/7/2019
rjanderson,2/11/2019
rjanderson,2/14/2019
rjanderson,2/19/2019
rjanderson,2/21/2019
rjanderson,3/12/2019
rjanderson,3/21/2019
rjanderson,3/21/2019
rjanderson,3/24/2019
rjanderson,3/25/2019
rjanderson,3/26/2019
rjanderson,3/28/2019
rjanderson,4/9/2019
