rpestep,2/8/2019
rpestep,2/8/2019
rpestep,2/9/2019
rpestep,2/10/2019
rpestep,2/11/2019
rpestep,2/11/2019
rpestep,2/12/2019
rpestep,2/13/2019
rpestep,2/14/2019
rpestep,2/15/2019
rpestep,2/15/2019
rpestep,2/16/2019
rpestep,2/18/2019
rpestep,2/18/2019
rpestep,2/19/2019
rpestep,2/19/2019
rpestep,2/20/2019
rpestep,2/20/2019
rpestep,2/21/2019
rpestep,2/21/2019
rpestep,2/22/2019
rpestep,2/25/2019
rpestep,2/25/2019
rpestep,2/26/2019
rpestep,2/27/2019
rpestep,2/28/2019
rpestep,2/28/2019
rpestep,2/28/2019
rpestep,2/28/2019
rpestep,3/1/2019
rpestep,3/2/2019
rpestep,3/4/2019
