rrhoney,1/6/2019
rrhoney,1/7/2019
rrhoney,1/7/2019
rrhoney,1/8/2019
rrhoney,1/10/2019
rrhoney,1/10/2019
rrhoney,1/10/2019
rrhoney,1/11/2019
rrhoney,1/11/2019
rrhoney,1/14/2019
rrhoney,1/15/2019
rrhoney,1/16/2019
rrhoney,1/16/2019
rrhoney,1/16/2019
rrhoney,1/17/2019
rrhoney,1/18/2019
rrhoney,1/18/2019
rrhoney,1/21/2019
rrhoney,1/28/2019
rrhoney,1/28/2019
rrhoney,1/29/2019
rrhoney,1/29/2019
rrhoney,1/29/2019
rrhoney,1/30/2019
rrhoney,1/30/2019
rrhoney,1/31/2019
rrhoney,2/1/2019
rrhoney,2/4/2019
rrhoney,2/5/2019
rrhoney,2/7/2019
rrhoney,2/8/2019
rrhoney,2/8/2019
rrhoney,2/9/2019
rrhoney,2/10/2019
rrhoney,2/11/2019
rrhoney,2/12/2019
rrhoney,2/13/2019
rrhoney,2/14/2019
rrhoney,2/14/2019
rrhoney,2/15/2019
rrhoney,2/15/2019
rrhoney,2/20/2019
rrhoney,2/21/2019
rrhoney,2/21/2019
rrhoney,2/22/2019
rrhoney,2/22/2019
rrhoney,2/25/2019
rrhoney,2/28/2019
rrhoney,3/1/2019
rrhoney,3/3/2019
rrhoney,3/4/2019
rrhoney,3/5/2019
rrhoney,3/5/2019
rrhoney,3/7/2019
rrhoney,3/7/2019
rrhoney,3/8/2019
rrhoney,3/9/2019
rrhoney,3/10/2019
rrhoney,3/11/2019
rrhoney,3/11/2019
rrhoney,3/12/2019
rrhoney,3/13/2019
rrhoney,3/14/2019
rrhoney,3/14/2019
rrhoney,3/14/2019
rrhoney,3/15/2019
rrhoney,3/18/2019
rrhoney,3/19/2019
rrhoney,3/20/2019
rrhoney,3/20/2019
rrhoney,3/21/2019
rrhoney,3/22/2019
rrhoney,3/22/2019
rrhoney,4/4/2019
rrhoney,4/5/2019
rrhoney,4/5/2019
rrhoney,4/7/2019
rrhoney,4/7/2019
rrhoney,4/8/2019
rrhoney,4/8/2019
rrhoney,4/9/2019
