stmcallister,1/31/2019
stmcallister,1/31/2019
stmcallister,2/1/2019
stmcallister,2/2/2019
stmcallister,2/4/2019
stmcallister,2/5/2019
stmcallister,2/5/2019
stmcallister,2/5/2019
stmcallister,2/6/2019
stmcallister,2/6/2019
stmcallister,2/6/2019
stmcallister,2/6/2019
stmcallister,2/7/2019
stmcallister,2/8/2019
stmcallister,2/8/2019
stmcallister,2/18/2019
stmcallister,2/18/2019
stmcallister,2/19/2019
stmcallister,2/19/2019
stmcallister,2/20/2019
stmcallister,2/20/2019
stmcallister,2/20/2019
stmcallister,2/20/2019
stmcallister,2/20/2019
stmcallister,2/21/2019
stmcallister,2/21/2019
stmcallister,2/21/2019
stmcallister,2/22/2019
stmcallister,2/22/2019
stmcallister,2/22/2019
stmcallister,2/22/2019
stmcallister,2/24/2019
stmcallister,2/25/2019
