wsnyder,1/7/2019
wsnyder,1/8/2019
wsnyder,1/9/2019
wsnyder,1/9/2019
wsnyder,1/9/2019
wsnyder,1/9/2019
wsnyder,1/10/2019
wsnyder,1/10/2019
wsnyder,1/11/2019
wsnyder,1/13/2019
wsnyder,1/14/2019
wsnyder,1/14/2019
wsnyder,1/15/2019
wsnyder,1/15/2019
wsnyder,1/16/2019
wsnyder,1/17/2019
wsnyder,1/18/2019
wsnyder,1/18/2019
wsnyder,1/18/2019
wsnyder,1/18/2019
wsnyder,1/19/2019
wsnyder,1/28/2019
wsnyder,1/28/2019
wsnyder,1/28/2019
wsnyder,1/29/2019
wsnyder,1/29/2019
wsnyder,1/30/2019
wsnyder,1/30/2019
wsnyder,1/31/2019
wsnyder,2/1/2019
wsnyder,2/2/2019
wsnyder,2/3/2019
wsnyder,2/4/2019
wsnyder,2/4/2019
wsnyder,2/5/2019
wsnyder,2/6/2019
wsnyder,2/6/2019
wsnyder,2/6/2019
wsnyder,2/7/2019
wsnyder,2/8/2019
wsnyder,2/8/2019
wsnyder,2/8/2019
wsnyder,2/8/2019
wsnyder,2/8/2019
wsnyder,2/8/2019
wsnyder,2/8/2019
wsnyder,2/9/2019
wsnyder,2/10/2019
wsnyder,2/11/2019
wsnyder,2/11/2019
wsnyder,2/11/2019
wsnyder,2/12/2019
wsnyder,2/12/2019
wsnyder,2/12/2019
wsnyder,2/13/2019
wsnyder,2/19/2019
wsnyder,2/20/2019
wsnyder,2/20/2019
wsnyder,2/21/2019
wsnyder,2/21/2019
wsnyder,2/22/2019
wsnyder,2/22/2019
wsnyder,2/22/2019
wsnyder,2/24/2019
wsnyder,2/24/2019
wsnyder,2/25/2019
wsnyder,2/25/2019
wsnyder,2/26/2019
wsnyder,2/26/2019
wsnyder,2/26/2019
wsnyder,2/26/2019
wsnyder,2/27/2019
wsnyder,2/27/2019
wsnyder,2/28/2019
wsnyder,2/28/2019
wsnyder,3/1/2019
wsnyder,3/3/2019
wsnyder,3/4/2019
wsnyder,3/4/2019
wsnyder,3/5/2019
wsnyder,3/6/2019
wsnyder,3/7/2019
wsnyder,3/7/2019
wsnyder,3/8/2019
wsnyder,3/8/2019
wsnyder,3/9/2019
wsnyder,3/9/2019
wsnyder,3/10/2019
wsnyder,3/11/2019
wsnyder,3/11/2019
wsnyder,3/11/2019
wsnyder,3/12/2019
